utterance,context,predicted_maxim,predicted_violation_type,confidence,gold_maxim,gold_violation_type,subreddit,post_title
"💯 run b4 it turns into 30 years. People stay married for the exact same reasons. You can't change him. If he wanted to be with you he would take you seriously. In the words of a Queen ""Let it go!!!!!""",Better late than never,Cooperative,none,0.988,,,relationship_advice,I (33F) think I have realised that my long term bf (36M) is a loser
10 years and in their 30s not living together is wild.,Better late than never,Cooperative,none,0.987,,,relationship_advice,I (33F) think I have realised that my long term bf (36M) is a loser
"Yeah, it fucking sucked.","Hard to say from just this post alone, but no birthday gift? He sounds checked out completely",Cooperative,none,0.984,,,relationship_advice,I (33F) think I have realised that my long term bf (36M) is a loser
"Thank you, for someone who understands the arts vs career path. I've given him the benefit of the doubt and ive tried to be supportive, but I can't handle it much longer.","I think i feel the same way watching you waste your life with this guy. What advice would you give if your best friend had this exact problem? Do you give him more of your life? More of your stable years? Its great to have passion, but passion doesnt pay the bills. - A theatre kid, who became an accountant. Sure im not on the stage, but I get to take my girlfriend to Europe.",Cooperative,none,0.981,,,relationship_advice,I (33F) think I have realised that my long term bf (36M) is a loser
"100% - I do love him, i've never connected with someone like I have with him. He's funny, makes me laugh and has an amazing personality. Just his lack of ambition fucking sucks and its honestly killed our relationship. I do not want to be a babysitter.","I read once that we fall in love with people that we want our partners to be and not who they actually are… I can’t understand how he would watch you work and bust your ass while he sits at home and plays games and doesn’t try and has no ambition. This isn’t gonna change, you’re still young, don’t waste it on someone like that, because life‘s too short. And if he loved you, he would be doing everything he can to prove it.",Cooperative,none,0.984,,,relationship_advice,I (33F) think I have realised that my long term bf (36M) is a loser
"I don't want children so theres no chance.  He earns a bit from his job, a little bit from government and the icing on the cake - his mum sends him money too.",Don’t get pregnant on your way out. How does he even support himself? Does he live at home with his parents?   This is as good as it will get with him. I hope you find the partner you deserve.,Cooperative,none,0.986,,,relationship_advice,I (33F) think I have realised that my long term bf (36M) is a loser
"You're right, its hard to respect when they dont bring anything to the table. :(","U literally called ur bf a ""loser."" It's over lady. Ur not compatible anymore. Ur hesitation is sunk cost fallacy, but it's pretty obvious from ur post u neither respect him or like him very much anymore. Save both urselfs the headache and don't drag this out.",Cooperative,none,0.991,,,relationship_advice,I (33F) think I have realised that my long term bf (36M) is a loser
"I don't want to live with someone who doesn't have a job, and I made that clear.",10 years and you aren't even LIVING together? Yeah no. Better late than never. People say that 30 is actually pretty great time to be living.,Cooperative,none,0.976,,,relationship_advice,I (33F) think I have realised that my long term bf (36M) is a loser
"He didnt forget, he just didnt buy me anything or make any effort","Bail yesterday, no fucking way 10 years and they FORGET a holiday like they have so much going on they could forget.",Cooperative,none,0.988,,,relationship_advice,I (33F) think I have realised that my long term bf (36M) is a loser
"Nope, sadly there must be more than one of us.",Have you posted on reddit before? I swear I heard this exact story a while back,Cooperative,none,0.936,,,relationship_advice,I (33F) think I have realised that my long term bf (36M) is a loser
Only in this case doesn't seem he's keeping the heart full either,artists ... they keep your heart full and your belly empty.,Manner,unknown,0.442,,,relationship_advice,I (33F) think I have realised that my long term bf (36M) is a loser
Yep... I feel that.,artists ... they keep your heart full and your belly empty.,Quality,unknown,0.962,,,relationship_advice,I (33F) think I have realised that my long term bf (36M) is a loser
"The thing is, even if he is lying her best friend not caring she was raped is reason enough to end the friendship. The way she clearly doesn’t care and is still considering getting back together with him makes her a not safe person.","Is he a known liar, because I can see how this is his way of isolating her and you",Cooperative,none,0.990,,,relationship_advice,I (33F) just found out my best friends(33F) exhusband(33M) raped me at a college party while drunk 13 years ago. She doesn’t think it’s a big deal because it happened “too long ago”. Did my friendship just die?
"Two scenarios:  he's a rapist.  or a liar.  And the friend is siding with him by trying to say it's unclear and a long time ago.  I don't know that I would trust that friend again either.  He might be trying to isolate the friend, but if I was OP, I would run very very far from a guy who claimed to have raped me.  That man is 100% dangerous.  I couldn't set myself on fire to save a friend that doesn't want to see the problem.","Is he a known liar, because I can see how this is his way of isolating her and you",Cooperative,none,0.989,,,relationship_advice,I (33F) just found out my best friends(33F) exhusband(33M) raped me at a college party while drunk 13 years ago. She doesn’t think it’s a big deal because it happened “too long ago”. Did my friendship just die?
"Exactly, he’s laying the groundwork for the friend to feel insecure and isolated, and for OP to appear like an unreliable historian and keeping secrets.","Is he a known liar, because I can see how this is his way of isolating her and you",Cooperative,none,0.792,,,relationship_advice,I (33F) just found out my best friends(33F) exhusband(33M) raped me at a college party while drunk 13 years ago. She doesn’t think it’s a big deal because it happened “too long ago”. Did my friendship just die?
"Doesnt really matter for the friendship though. The friend believes it, and this is her genuine reaction which tells OP everything she needs to know about this 'friend'","Possible it never even happened ... if he wants you out of her life, maybe this is his way to achieve that.",Cooperative,none,0.980,,,relationship_advice,I (33F) just found out my best friends(33F) exhusband(33M) raped me at a college party while drunk 13 years ago. She doesn’t think it’s a big deal because it happened “too long ago”. Did my friendship just die?
I agree. This may have happened but maybe not with OP. Whether wasted or whatever if you wake after sex and being on your period OP would have known something happened. Either the sheets would be bloodied or her clothes and would he have put a tampon in or a pad on a barely conscious woman?  I think the friendship is over because she is a horrible person who hears ‘I cheated on you a ton’ and gets angry at the other person? But I wouldnt consider his story to have a lot of truth to it either.,"Possible it never even happened ... if he wants you out of her life, maybe this is his way to achieve that.",Cooperative,none,0.991,,,relationship_advice,I (33F) just found out my best friends(33F) exhusband(33M) raped me at a college party while drunk 13 years ago. She doesn’t think it’s a big deal because it happened “too long ago”. Did my friendship just die?
"My ex-best friend believed her husband when he said we’d hooked up drunkenly. We did not. I truly despise that guy. But he oh-so-conveniently convinced her not to trust me, and effectively pushed me out of her life, after years of trying.","Possible it never even happened ... if he wants you out of her life, maybe this is his way to achieve that.",Cooperative,none,0.907,,,relationship_advice,I (33F) just found out my best friends(33F) exhusband(33M) raped me at a college party while drunk 13 years ago. She doesn’t think it’s a big deal because it happened “too long ago”. Did my friendship just die?
"Very true, but it doesn't change the friend's defense of the story as presented. OP needs to remove herself from the orbit of these shit people","Possible it never even happened ... if he wants you out of her life, maybe this is his way to achieve that.",Cooperative,none,0.925,,,relationship_advice,I (33F) just found out my best friends(33F) exhusband(33M) raped me at a college party while drunk 13 years ago. She doesn’t think it’s a big deal because it happened “too long ago”. Did my friendship just die?
"Maybe use quotes there in the beginning of your post, because otherwise it looks like your view, as well.","Possible it never even happened ... if he wants you out of her life, maybe this is his way to achieve that.",Manner,unknown,0.532,,,relationship_advice,I (33F) just found out my best friends(33F) exhusband(33M) raped me at a college party while drunk 13 years ago. She doesn’t think it’s a big deal because it happened “too long ago”. Did my friendship just die?
"I don't know if this is a hot take, but to me, it almost doesn't matter if he actually raped OP or not. Either he did and this woman is willing to reconcile with a man who's admitted to raping her best friend, or he didn't and this woman is willing to reconcile with a man who would lie about raping someone just to manipulate her to break off a friendship.",Is there a chance he could be lying about the whole thing just to harm her friendship with you?,Cooperative,none,0.983,,,relationship_advice,I (33F) just found out my best friends(33F) exhusband(33M) raped me at a college party while drunk 13 years ago. She doesn’t think it’s a big deal because it happened “too long ago”. Did my friendship just die?
"Thankfully the post is fake, I've read this identical story at least half a dozen times on here.",Yes your friendship is dead.,Cooperative,none,0.957,,,relationship_advice,I (33F) just found out my best friends(33F) exhusband(33M) raped me at a college party while drunk 13 years ago. She doesn’t think it’s a big deal because it happened “too long ago”. Did my friendship just die?
"OP says its beyond the statute of limitations, so he actually could plausibly do that. Rape is about power. The kind of person who rapes someone is very frequently the same kind of person to flaunt that when they can get away with it",Seems like that guy is lying to get you out of their lives. No one would say they raped someone and then provide details of a crime they committed to their victim. Unless we are talking about someone really fucking stupid.,Cooperative,none,0.989,,,relationship_advice,I (33F) just found out my best friends(33F) exhusband(33M) raped me at a college party while drunk 13 years ago. She doesn’t think it’s a big deal because it happened “too long ago”. Did my friendship just die?
"We had a threesome once. Sometime after that, he says he ran into me at a college party by himself, where according to him I was wasted and then claims we had sex at some point. He recently “confessed” this to her, and then she texted me to confront me and hear my side of the story. I told her I have no side to tell because I don’t remember that encounter at all. Messiness ensued.","So wait, you were having consensual sex with your best friend’s ex-husband that she is cool with but she is upset with you/him about a non-consensual sexual incident from 13 years ago? Wtf  It also sounds like he’s lying about sexually assaulting you. Honestly, ditch them both and don’t look back.",Cooperative,none,0.944,,,relationship_advice,I (33F) just found out my best friends(33F) exhusband(33M) raped me at a college party while drunk 13 years ago. She doesn’t think it’s a big deal because it happened “too long ago”. Did my friendship just die?
"&gt;I would talk to a lawyer about what you could do. A filed report is better than nothing.  ""Someone told their ex-spouse who told me that I had drunk sex with them over a decade ago, there are no witnesses, I don't know when it happened, and I have no memory of the event, but I think it was sexual assault"" is... not something I'd relish trying to get a police officer to take a report on.","I am so sorry.   &gt;&gt; As I cannot press charges for sexual assault anymore  I would talk to a lawyer about what you *could* do. A filed report is better than nothing.  Edit to reply to the person who deleted their comment, yes even with zero evidence and no memory. I’m not a lawyer. I don’t know what could be done. It’s worth talking to someone.",Cooperative,none,0.987,,,relationship_advice,I (33F) just found out my best friends(33F) exhusband(33M) raped me at a college party while drunk 13 years ago. She doesn’t think it’s a big deal because it happened “too long ago”. Did my friendship just die?
"""We were fine except for his cheating and drug addiction and constant lying"" OP *please* find some self respect.","you *want* to marry a cheating drug addict?  Be embarrassed - and let that feeling guide you to kick him out, block him, and live a better life free of the bum.",Cooperative,none,0.991,,,relationship_advice,"I (33F)Engaged to (37M) for 3 years, together for 7, multiple “almost weddings,” and still no marriage. I need outside perspective please"
She should be embarrassed for setting the bar so low. Jesus Christ.,"you *want* to marry a cheating drug addict?  Be embarrassed - and let that feeling guide you to kick him out, block him, and live a better life free of the bum.",Cooperative,none,0.984,,,relationship_advice,"I (33F)Engaged to (37M) for 3 years, together for 7, multiple “almost weddings,” and still no marriage. I need outside perspective please"
This is the way,"you *want* to marry a cheating drug addict?  Be embarrassed - and let that feeling guide you to kick him out, block him, and live a better life free of the bum.",Cooperative,none,0.734,,,relationship_advice,"I (33F)Engaged to (37M) for 3 years, together for 7, multiple “almost weddings,” and still no marriage. I need outside perspective please"
Right to the jugular. All you need to read right here.,"you *want* to marry a cheating drug addict?  Be embarrassed - and let that feeling guide you to kick him out, block him, and live a better life free of the bum.",Cooperative,none,0.705,,,relationship_advice,"I (33F)Engaged to (37M) for 3 years, together for 7, multiple “almost weddings,” and still no marriage. I need outside perspective please"
She would actively have to try to find a WORSE option for marriage.  She makes a lot of the people on love after lock up look reasonable and well adjusted.,"you *want* to marry a cheating drug addict?  Be embarrassed - and let that feeling guide you to kick him out, block him, and live a better life free of the bum.",Cooperative,none,0.989,,,relationship_advice,"I (33F)Engaged to (37M) for 3 years, together for 7, multiple “almost weddings,” and still no marriage. I need outside perspective please"
"Like they said, you want to marry a cheating drug addict?  Honestly sounds like the universe has intervened to prevent this marriage and you continue to insist on it. The writing is on the wall. Leave and work on yourself","you *want* to marry a cheating drug addict?  Be embarrassed - and let that feeling guide you to kick him out, block him, and live a better life free of the bum.",Cooperative,none,0.989,,,relationship_advice,"I (33F)Engaged to (37M) for 3 years, together for 7, multiple “almost weddings,” and still no marriage. I need outside perspective please"
"Yeah, like, gurl, why worry about whether he wants to marry you. Why do YOU wanna marry this man??","you *want* to marry a cheating drug addict?  Be embarrassed - and let that feeling guide you to kick him out, block him, and live a better life free of the bum.",Cooperative,none,0.973,,,relationship_advice,"I (33F)Engaged to (37M) for 3 years, together for 7, multiple “almost weddings,” and still no marriage. I need outside perspective please"
"Op apparently went to rehab and got clean years ago, and fought for custody of her kids from an abusive boyfriend. Why she would let a drug addict/cheater into the picture I have no idea.","you *want* to marry a cheating drug addict?  Be embarrassed - and let that feeling guide you to kick him out, block him, and live a better life free of the bum.",Cooperative,none,0.988,,,relationship_advice,"I (33F)Engaged to (37M) for 3 years, together for 7, multiple “almost weddings,” and still no marriage. I need outside perspective please"
Right this was so embarrassing to even read let alone live through.,"you *want* to marry a cheating drug addict?  Be embarrassed - and let that feeling guide you to kick him out, block him, and live a better life free of the bum.",Cooperative,none,0.892,,,relationship_advice,"I (33F)Engaged to (37M) for 3 years, together for 7, multiple “almost weddings,” and still no marriage. I need outside perspective please"
To be fair he did her a favour by not marrying her yet. Divorce is a lot more of a headache than breaking up.,Has the time to have a whole affair but not marry you… what about that is not clear to you,Cooperative,none,0.946,,,relationship_advice,"I (33F)Engaged to (37M) for 3 years, together for 7, multiple “almost weddings,” and still no marriage. I need outside perspective please"
Yeah but he was on drugs at the time so it’s OK,Has the time to have a whole affair but not marry you… what about that is not clear to you,Cooperative,none,0.950,,,relationship_advice,"I (33F)Engaged to (37M) for 3 years, together for 7, multiple “almost weddings,” and still no marriage. I need outside perspective please"
I got to the affair bit and immediately noped out. It was bad enough before but that's just icing on the cake of the lack of self-respect.,Has the time to have a whole affair but not marry you… what about that is not clear to you,Manner,unknown,0.564,,,relationship_advice,"I (33F)Engaged to (37M) for 3 years, together for 7, multiple “almost weddings,” and still no marriage. I need outside perspective please"
GIRL.,Girl.,Manner,unknown,0.967,,,relationship_advice,"I (33F)Engaged to (37M) for 3 years, together for 7, multiple “almost weddings,” and still no marriage. I need outside perspective please"
"Thank god, I was looking for this.  GIRL. COME ONNNNN.",Girl.,Manner,unknown,0.927,,,relationship_advice,"I (33F)Engaged to (37M) for 3 years, together for 7, multiple “almost weddings,” and still no marriage. I need outside perspective please"
She can fix him tho!,Babe this man is telling another woman he loves her and doesn’t care for you. His actions are showing you he doesn’t love you.   How many more ways do you need this man to show you he doesn’t love you and won’t marry you?   How many more years are willing to waster because you start loving yourself enough to have done respect and leave when someone shows you they don’t love you?,Cooperative,none,0.991,,,relationship_advice,"I (33F)Engaged to (37M) for 3 years, together for 7, multiple “almost weddings,” and still no marriage. I need outside perspective please"
"Yeah.... Everything is telling her to leave, even him, but she's just not listening.",Oh no a cheating addict won’t marry you!   Somehow life keeps throwing you a life jacket but you seem determined to drown.,Cooperative,none,0.982,,,relationship_advice,"I (33F)Engaged to (37M) for 3 years, together for 7, multiple “almost weddings,” and still no marriage. I need outside perspective please"
Not even if he actually marries her. She still won't be chosen.,"If you haven't listened to him, your heart, your friends, or your family who have probably threatened to go no contact with you over this.   You aren't secure. You aren't chosen. You never will be with him.",Cooperative,none,0.986,,,relationship_advice,"I (33F)Engaged to (37M) for 3 years, together for 7, multiple “almost weddings,” and still no marriage. I need outside perspective please"
This is so kind 🥹 thank you lovely,Why have you settled for a man who isn’t attracted to you for almost a decade? Dump this one - he’s a dud - and find yourself a guy who is 100% into you.   You’ve wasted enough of your time on a guy who doesn’t like you. It’s time to want better for yourself.,Cooperative,none,0.991,,,relationship_advice,My bf (M27) wore a blindfold to have sex with me (M26). Now what?
Thanks for the reality check. I’m an academic but somehow my intelligence lapses when it comes to this relationship. Thanks for helping me see it from another perspective.,"Imagine I wrote this. Read it back like a stranger wrote it about their partner and imagine the advice you'd give. Please. If you can't see this asshole for what he is, no stranger in the Internet is going to convince you otherwise.",Cooperative,none,0.985,,,relationship_advice,My bf (M27) wore a blindfold to have sex with me (M26). Now what?
I asked him if he could compliment me more and he said it makes him feel sick to make up ‘lies’ to make people feel better lol. Yet why does my brain push out all the negatives when I think of breaking up with him and leaves me only with his cute and kind side?   Thanks for your words they mean a lot!,"Get out dude, it’s not just the sex thing, it sounds like he full stop doesnt respect you.   I know it will be painful, but I really feel from what I can get from this post is that you’re more used to the relationship as opposed to enjoying it. You’re still very young and can def find someone who will be all over you and not belittle you!",Cooperative,none,0.990,,,relationship_advice,My bf (M27) wore a blindfold to have sex with me (M26). Now what?
The ultimate question ;-;,Who would you still be with someone who isn't attracted to you?,Manner,unknown,0.935,,,relationship_advice,My bf (M27) wore a blindfold to have sex with me (M26). Now what?
that’s so kind of you to say. I need to work on building up the strength to end it but all I can think about is hurting him and it breaks me. But I take your words to heart and will try 😊🙏🏼,"This post made me sad and feel really bad for you. Leave this man, find somebody that sees your beauty and is attracted to you and cherishes you. You are worth more!!",Cooperative,none,0.980,,,relationship_advice,My bf (M27) wore a blindfold to have sex with me (M26). Now what?
Thank you lovely 🥹,You deserve someone who is obsessed with you!,Quality,unknown,0.779,,,relationship_advice,My bf (M27) wore a blindfold to have sex with me (M26). Now what?
Wish I could answer you. Thanks for your kind words,"My heart's breaking for ya dude, but, why the hell are you dating someone who continually mentions how unattractive they find you? Sounds masochistic.",Cooperative,none,0.987,,,relationship_advice,My bf (M27) wore a blindfold to have sex with me (M26). Now what?
Thank you lovely human &lt;3,Please don't be a part of this toxic situation anymore! He's so awful to you. You deserve someone so much better than this.,Cooperative,none,0.965,,,relationship_advice,My bf (M27) wore a blindfold to have sex with me (M26). Now what?
